"","cap.agg","CAP.regression.by.central.review","pathCR90Comp","path90","pathCR","SampleID","FinalCleanSeqs","RunID","SampleName","SampleType","RecordID","days.from.start","Timepoint","TimeCat1","TimeCat2","Arm","Sex","Age","modSmoker","modHistology","Location","Clinical.stage","Surgery","Death","Recurrence","OS.months","RFS.months","PC1","PC2","PC3","PC1.centroid","PC2.centroid"
"1","G0","G0","path90+CR+","1","PathCR 1","H0617",33872,"Run6.7","B16114.0048.02142018","Feces","MD043.006",0,"PreTX","first","first2","A","M",55,1,1,"esophagus","3A",1,1,1,42.36065574,35.40983607,-0.0983089873147148,0.0646087499147533,-0.0363053073202985,-0.0213026658459838,0.0223234391432762
"2","G0","G0","path90+CR+","1","PathCR 1","H0601",42346,"Run6.7","B16114.0048.03012018","Feces","MD043.006",15,"OnTX","other","first2","A","M",55,1,1,"esophagus","3A",1,1,1,42.36065574,35.40983607,-0.097949058220696,0.0986460459753088,-0.107761176322039,-0.0213026658459838,0.0223234391432762
"3","G0","G0","path90+CR+","1","PathCR 1","H0785",27695,"Run6.7","B16114.0036.11202017","Feces","MD043.003",32,"OnTX","other","first2","A","M",66,1,1,"esophagus","2B",1,0,0,47.96721311,47.96721311,0.0549989865774186,-0.0375531315776492,-0.0406352684913349,-0.0213026658459838,0.0223234391432762
"4","G0","G0","path90+CR+","1","PathCR 1","H0793",25840,"Run6.7","B16114.0036.11032017","Feces","MD043.003",15,"OnTX","first","first2","A","M",66,1,1,"esophagus","2B",1,0,0,47.96721311,47.96721311,0.0617981276047044,0.0433916115692498,-0.121615729501342,-0.0213026658459838,0.0223234391432762
"5","G0","G0","path90+CR+","1","PathCR 1","M0829",20724,"Run08","MD043.019.11202018","Feces","MD043.019",28,"OnTX","first","first2","B","M",61,1,1,"esophagus","3B",1,0,0,29.80327869,29.80327869,-0.0832017980670993,0.0746945269105806,-0.0383307522916934,-0.0213026658459838,0.0223234391432762
"6","G0","G0","path90+CR+","1","PathCR 1","H0757",14384,"Run6.7","B16114.0024.09072017","Feces","MD043.002",0,"PreTX","first","first2","A","M",63,0,1,"esophagus","2B",1,0,0,48.6557377,48.6557377,0.106211726753321,-0.0614947256119819,-0.108059713553698,-0.0213026658459838,0.0223234391432762
"7","G0","G0","path90+CR+","1","PathCR 1","H0638",34872,"Run6.7","MD043.012.05182018","Feces","MD043.012",0,"PreTX","first","first2","A","M",71,1,1,"esophagus","3B",1,0,0,43.08196721,43.08196721,-0.00735335662307256,0.0312803948167658,-0.0724547452601556,-0.0213026658459838,0.0223234391432762
"8","G0","G0","path90+CR+","1","PathCR 1","J0109",63523,"Run15","J1714.PA009.037.04012021","Feces","PA009.037",0,"PreTX","first","first2","B2","M",59,1,1,"esophagus","3A",1,0,0,7.573770492,7.573770492,-0.099123381221851,-0.0372282966864564,-0.0522443790130318,-0.0213026658459838,0.0223234391432762
"9","G0","G0","path90+CR+","1","PathCR 1","J0126",65514,"Run15","J1714.PA009.037.04152021","Feces","PA009.037",14,"OnTX","other","first2","B2","M",59,1,1,"esophagus","3A",1,0,0,7.573770492,7.573770492,-0.0440430889641958,0.0515877476619354,-0.158403984709176,-0.0213026658459838,0.0223234391432762
"10","G0","G0","path90+CR+","1","PathCR 1","H0849",36851,"Run6.7","B16114.0047.03222018","Feces","MD043.007",28,"OnTX","other","first2","A","M",66,0,1,"esophagus","3B",1,0,0,43.7704918,43.7704918,-0.061878863851337,-0.120844724307315,-0.000612745139452489,-0.0213026658459838,0.0223234391432762
"11","G0","G0","path90+CR+","1","PathCR 1","H0682",37252,"Run6.7","MD043.015.07052018","Feces","MD043.015",0,"PreTX","first","first2","A","F",58,1,2,"esophagus","2A",1,0,0,39.44262295,39.44262295,-0.0304671058859746,0.265352552025585,-0.0278365416303283,-0.0213026658459838,0.0223234391432762
"12","G0","G0","path90+CR+","1","PathCR 1","H0838",36795,"Run6.7","B16114.0047.03072018","Feces","MD043.007",13,"OnTX","first","first2","A","M",66,0,1,"esophagus","3B",1,0,0,43.7704918,43.7704918,-0.109965049073706,-0.118635618305689,0.00883198764655252,-0.0213026658459838,0.0223234391432762
"13","G0","G0","path90+CR+","1","PathCR 1","H0823",21656,"Run6.7","B16114.0024.09212017","Feces","MD043.002",14,"OnTX","other","first2","A","M",63,0,1,"esophagus","2B",1,0,0,48.6557377,48.6557377,0.114368500752106,-0.0712996236367586,-0.102016432486816,-0.0213026658459838,0.0223234391432762
"14","G0","G0","path90+CR+","1","PathCR 1","H0667",38023,"Run6.7","MD043.015.07192018","Feces","MD043.015",14,"OnTX","other","first2","A","F",58,1,2,"esophagus","2A",1,0,0,39.44262295,39.44262295,0.0187691995596063,0.149386545229265,0.0332032077933423,-0.0213026658459838,0.0223234391432762
"15","G0","G0","path90+CR+","1","PathCR 1","H0689",35679,"Run6.7","MD043.012.05312018","Feces","MD043.012",13,"OnTX","other","first2","A","M",71,1,1,"esophagus","3B",1,0,0,43.08196721,43.08196721,-0.0433958397142661,0.00295953317154936,-0.0928091646084279,-0.0213026658459838,0.0223234391432762
"16","G1-G3","G1","path90+CR-","1","PathCR 0","J0020",59109,"Run15","J1714.PA009.036.02052021","Feces","PA009.036",0,"PreTX","first","first2","B2","M",57,1,1,"esophagus","2B",1,0,0,9.049180328,9.049180328,-0.273945634897223,0.0100779919219549,0.087299721628263,0.011018620265164,-0.0115466064534187
"17","G1-G3","G1","path90+CR-","1","PathCR 0","M0845",29933,"Run08","PA009.029.07312019","Feces","PA009.029",-2,"PreTX","first","first2","B","M",68,1,1,"esophagus","2B",1,0,0,27.47540984,27.47540984,0.0080536349787951,0.335034727688452,0.212002357786159,0.011018620265164,-0.0115466064534187
"18","G1-G3","G1","path90+CR-","1","PathCR 0","H0613",22015,"Run6.7","B16114.0055.04112018","Feces","MD043.009",12,"OnTX","other","first2","A","M",64,1,1,"GEJ","2B",1,0,1,44.26229508,32.72131148,-0.145861638598461,-0.0836783391564963,0.184424396868444,0.011018620265164,-0.0115466064534187
"19","G1-G3","G1","path90+CR-","1","PathCR 0","J0001",51354,"Run15","J1714.MD043.031.02042020","Feces","MD043.031",0,"PreTX","first","first2","B2","F",64,0,2,"esophagus","2B",1,0,0,18.6557377,18.6557377,0.106296138571269,-0.155561478675222,0.260602583903653,0.011018620265164,-0.0115466064534187
"20","G1-G3","G1","path90+CR-","1","PathCR 0","H0886",27895,"Run6.7","B16114.0055.03302018","Feces","MD043.009",0,"PreTX","first","first2","A","M",64,1,1,"GEJ","2B",1,0,1,44.26229508,32.72131148,-0.169601643281888,-0.0940079724653261,0.192988614605804,0.011018620265164,-0.0115466064534187
"21","G1-G3","G1","path90+CR-","1","PathCR 0","H0684",40428,"Run6.7","MD043.014.07052018","Feces","MD043.014",14,"OnTX","other","first2","A","M",73,0,2,"esophagus","2A",1,1,1,10.68852459,7.803278689,-0.0382936327409174,0.0792653625729468,-0.0944578783763386,0.011018620265164,-0.0115466064534187
"22","G1-G3","G1","path90+CR-","1","PathCR 0","M0846",26693,"Run08","PA009.029.08232019","Feces","PA009.029",21,"OnTX","other","first2","B","M",68,1,1,"esophagus","2B",1,0,0,27.47540984,27.47540984,-0.0178861289773238,0.27779977929598,0.191833974807514,0.011018620265164,-0.0115466064534187
"23","G1-G3","G1","path90+CR-","1","PathCR 0","J0038",61203,"Run15","J1714.PA009.036.02182021","Feces","PA009.036",13,"OnTX","other","first2","B2","M",57,1,1,"esophagus","2B",1,0,0,9.049180328,9.049180328,-0.238662035958767,0.0674090160148492,0.0626112508749571,0.011018620265164,-0.0115466064534187
"24","G1-G3","G1","path90+CR-","1","PathCR 0","J0018",55282,"Run15","J1714.MD043.031.02182020","Feces","MD043.031",14,"OnTX","other","first2","B2","F",64,0,2,"esophagus","2B",1,0,0,18.6557377,18.6557377,0.0925857644522052,-0.180107936733375,0.101179282359047,0.011018620265164,-0.0115466064534187
"25","G1-G3","G1","path90+CR-","1","PathCR 0","H0736",28669,"Run6.7","MD043.014.06212018","Feces","MD043.014",0,"PreTX","first","first2","A","M",73,0,2,"esophagus","2A",1,1,1,10.68852459,7.803278689,-0.0356201361827946,0.0445116371403221,0.0414331705751217,0.011018620265164,-0.0115466064534187
"26","G1-G3","G1","path90+CR-","1","PathCR 0","M0831",31966,"Run08","MD043.022.12132018","Feces","MD043.022",28,"OnTX","other","first2","B","M",58,0,1,"GEJ","2A",1,0,1,33.86885246,24.68852459,0.113436657774307,0.08927364392052,-0.172852233037482,0.011018620265164,-0.0115466064534187
"27","G1-G3","G1","path90+CR-","1","PathCR 0","M0830",34943,"Run08","MD043.022.11292018","Feces","MD043.022",14,"OnTX","first","first2","B","M",58,0,1,"GEJ","2A",1,0,1,33.86885246,24.68852459,0.0367721946866244,0.0402303658441559,-0.0974117214473623,0.011018620265164,-0.0115466064534187
"28","G1-G3","G2","path90-CR-","0","PathCR 0","H0846",9792,"Run6.7","B16114.0023.09072017","Feces","MD043.001",14,"OnTX","other","first2","A","M",56,0,1,"GEJ","3A",1,0,1,50.45901639,41.01639344,0.202417450863017,-0.111873592438918,0.0317445585533815,0.011018620265164,-0.0115466064534187
"29","G1-G3","G2","path90-CR-","0","PathCR 0","J0076",100074,"Run15","J1714.TX012.032.03042020","Feces","TX012.032",2,"OnTX","other","first2","B2","M",70,0,1,"GEJ","2A",1,0,0,21.7704918,21.7704918,-0.191080166981893,-0.0923450534511995,-0.0634862540351689,0.011018620265164,-0.0115466064534187
"30","G1-G3","G2","path90-CR-","0","PathCR 0","J0058",58093,"Run15","J1714.TX012.032.03022020","Feces","TX012.032",0,"PreTX","first","first2","B2","M",70,0,1,"GEJ","2A",1,0,0,21.7704918,21.7704918,-0.170970039699868,-0.1578202145334,-0.0370582128883079,0.011018620265164,-0.0115466064534187
"31","G1-G3","G2","path90-CR-","0","PathCR 0","M0840",25597,"Run08","MD043.028.07122019","Feces","MD043.028",36,"OnTX","other","first2","B","M",65,1,1,"esophagus","2B",1,0,0,26.62295082,26.62295082,0.0545219150480797,-0.0301835339275978,-0.0416859753020992,0.011018620265164,-0.0115466064534187
"32","G1-G3","G2","path90-CR-","0","PathCR 0","H0571",38751,"Run6.7","B16114.0059.05072018","Feces","MD043.010",-3,"PreTX","first","first2","A","M",71,0,1,"esophagus","2A",1,1,1,20.42622951,3.672131148,-0.131613151934249,-0.0207735722883624,-0.0173336358294114,0.011018620265164,-0.0115466064534187
"33","G1-G3","G2","path90-CR-","0","PathCR 0","M0852",23053,"Run08","PA009.030.08062019","Feces","PA009.030",0,"PreTX","first","first2","B","M",71,0,1,"esophagus","3A",1,0,0,27.73770492,27.73770492,0.248810224058725,0.0173461318145233,0.166518172451864,0.011018620265164,-0.0115466064534187
"34","G1-G3","G2","path90-CR-","0","PathCR 0","H0800",28519,"Run6.7","B16114.0023.08242017","Feces","MD043.001",0,"PreTX","first","first2","A","M",56,0,1,"GEJ","3A",1,0,1,50.45901639,41.01639344,0.223652132738288,-0.0415767549444293,-0.0637209792811976,0.011018620265164,-0.0115466064534187
"35","G1-G3","G2","path90-CR-","0","PathCR 0","J0054",162151,"Run15","J1714.MD043.035.01152021","Feces","MD043.035",0,"PreTX","first","first2","B2","M",70,0,1,"esophagus","3A",1,0,0,11.70491803,11.70491803,-0.00797064271804449,-0.141895927365464,0.0385977582640006,0.011018620265164,-0.0115466064534187
"36","G1-G3","G2","path90-CR-","0","PathCR 0","J0072",68337,"Run15","J1714.MD043.035.01292021","Feces","MD043.035",14,"OnTX","other","first2","B2","M",70,0,1,"esophagus","3A",1,0,0,11.70491803,11.70491803,-0.0112974090361865,-0.210435143481005,0.0428965892294028,0.011018620265164,-0.0115466064534187
"37","G1-G3","G2","path90-CR-","0","PathCR 0","H0618",27668,"Run6.7","B16114.0059.05232018","Feces","MD043.010",13,"OnTX","other","first2","A","M",71,0,1,"esophagus","2A",1,1,1,20.42622951,3.672131148,-0.150296682695581,0.0213943517368834,0.0155551492848904,0.011018620265164,-0.0115466064534187
"38","G1-G3","G2","path90-CR-","0","PathCR 0","H0627",30469,"Run6.7","MD043.016.07182018","Feces","MD043.016",0,"PreTX","first","first2","A","M",59,0,1,"esophagus","2B",1,0,1,41.80327869,29.3442623,0.0292171862643494,0.0860621451143768,-0.134144686197822,0.011018620265164,-0.0115466064534187
"39","G1-G3","G2","path90-CR-","0","PathCR 0","J0003",62570,"Run15","J1714.MD043.039.07022021","Feces","MD043.039",0,"PreTX","first","first2","B2","M",65,0,1,"esophagus","3A",1,0,0,6.786885246,6.786885246,0.0842485406604141,-0.159486293997699,0.00732758375234946,0.011018620265164,-0.0115466064534187
"40","G1-G3","G2","path90-CR-","0","PathCR 0","M0839",36149,"Run08","MD043.028.06062019","Feces","MD043.028",0,"PreTX","first","first2","B","M",65,1,1,"esophagus","2B",1,0,0,26.62295082,26.62295082,0.00839502201759591,-0.0837466648636114,-0.0511248537942778,0.011018620265164,-0.0115466064534187
"41","G1-G3","G2","path90-CR-","0","PathCR 0","M0853",21364,"Run08","PA009.030.08262019","Feces","PA009.030",20,"OnTX","other","first2","B","M",71,0,1,"esophagus","3A",1,0,0,27.73770492,27.73770492,0.225995255079317,0.0794670525179913,0.196023285222803,0.011018620265164,-0.0115466064534187
"42","G1-G3","G2","path90-CR-","0","PathCR 0","H0735",34526,"Run6.7","MD043.016","Feces","MD043.016",14,"OnTX","other","first2","A","M",59,0,1,"esophagus","2B",1,0,1,41.80327869,29.3442623,0.039272037511439,0.0156487070296482,-0.134102175538591,0.011018620265164,-0.0115466064534187
"43","G1-G3","G3","path90-CR-","0","PathCR 0","M0837",21931,"Run08","MD043.027.06132019","Feces","MD043.027",14,"OnTX","other","first2","B","M",68,1,1,"GEJ","2B",1,0,0,31.83606557,31.83606557,0.208367728331452,0.0411830430250173,-0.0136708882899969,0.011018620265164,-0.0115466064534187
"44","G1-G3","G3","path90-CR-","0","PathCR 0","M0836",20899,"Run08","MD043.027.05302019","Feces","MD043.027",0,"PreTX","first","first2","B","M",68,1,1,"GEJ","2B",1,0,0,31.83606557,31.83606557,0.220597048357075,0.0239369355353439,0.00506178873830016,0.011018620265164,-0.0115466064534187
